[
  {
    "ItemClass": 0,
    "Name": "Wood",
    "Pos": [
      0.0,
      0.0,
      32.0,
      32.0
    ],
    "StackSize": 100,
    "Value": 4
  },
  {
    "ItemClass": 0,
    "Name": "Plank",
    "Pos": [
      0.0,
      0.0,
      32.0,
      32.0
    ],
    "StackSize": 400,
    "Value": 4
  },
  {
    "Animated": true,
    "ItemClass": 0,
    "Name": "Sand",
    "Pos": [
      0.0,
      0.0,
      32.0,
      32.0
    ],
    "StackSize": 100,
    "Value": 1
  },
  {
    "ItemClass": 0,
    "Name": "Stone",
    "Pos": [
      0.0,
      0.0,
      32.0,
      32.0
    ],
    "StackSize": 100,
    "Value": 1
  },
  {
    "ItemClass": 0,
    "Name": "Dirt",
    "Pos": [
      0.0,
      0.0,
      32.0,
      32.0
    ],
    "StackSize": 100,
    "Value": 1
  },
  {
    "ItemClass": 0,
    "Name": "Stick",
    "Pos": [
      0.0,
      0.0,
      32.0,
      32.0
    ],
    "StackSize": 100,
    "Value": 1
  },
  {
    "ItemClass": 0,
    "Name": "Weeb",
    "Pos": [
      0.0,
      0.0,
      32.0,
      32.0
    ],
    "StackSize": 100,
    "Value": 5
  },
  {
    "AmmoType": 0,
    "Animated": true,
    "CollisionsCheckType": 3,
    "Damage": 0.0,
    "InvisibleFrame": 0.0,
    "ItemClass": 2,
    "Name": "WoodBow",
    "Pos": [
      0.0,
      0.0,
      32.0,
      32.0
    ],
    "Projectals": 1,
    "Range": 1.0,
    "Speed": 1.0,
    "UseTime": 2.0,
    "Value": 20
  },
  {
    "AmmoType": 0,
    "CollisionsCheckType": 3,
    "Damage": 12.0,
    "InvisibleFrame": 0.20000000298023224,
    "ItemClass": 3,
    "LineCollsionN": 6,
    "Name": "WoodArrow",
    "Points": [
      [
        16.950000762939453,
        11.600000381469727
      ],
      [
        19.450000762939453,
        13.170000076293945
      ],
      [
        20.579999923706055,
        15.520000457763672
      ],
      [
        23.459999084472656,
        11.300000190734863
      ],
      [
        23.940000534057617,
        8.470000267028809
      ],
      [
        20.850000381469727,
        9.010000228881836
      ]
    ],
    "Pos": [
      0.0,
      0.0,
      32.0,
      32.0
    ],
    "Projectals": 1,
    "Range": 690.0,
    "Speed": 6.0,
    "StackSize": 100,
    "Value": 2
  },
  {
    "CollisionsCheckType": 3,
    "Damage": 12.0,
    "DestoryType": 0,
    "InvisibleFrame": 0.10000000149011612,
    "ItemClass": 1,
    "LineCollsionN": 5,
    "Name": "WoodSword",
    "Points": [
      [
        7.300000190734863,
        19.6200008392334
      ],
      [
        26.8799991607666,
        0.0
      ],
      [
        31.940000534057617,
        0.0
      ],
      [
        32.0,
        4.960000038146973
      ],
      [
        12.350000381469727,
        24.420000076293945
      ]
    ],
    "Pos": [
      0.0,
      0.0,
      32.0,
      32.0
    ],
    "Power": 0,
    "UseTime": 0.550000011920929,
    "Value": 10
  },
  {
    "CollisionsCheckType": 3,
    "Damage": 5.0,
    "DestoryType": 1,
    "InvisibleFrame": 0.30000001192092896,
    "ItemClass": 1,
    "LineCollsionN": 9,
    "Name": "WoodAxe",
    "Points": [
      [
        13.220000267028809,
        9.760000228881836
      ],
      [
        18.399999618530273,
        4.360000133514404
      ],
      [
        23.299999237060547,
        8.470000267028809
      ],
      [
        29.969999313354492,
        10.430000305175781
      ],
      [
        32.0,
        13.970000267028809
      ],
      [
        28.639999389648438,
        19.450000762939453
      ],
      [
        22.1299991607666,
        22.290000915527344
      ],
      [
        18.18000030517578,
        20.15999984741211
      ],
      [
        18.399999618530273,
        14.880000114440918
      ]
    ],
    "Pos": [
      0.0,
      0.0,
      32.0,
      32.0
    ],
    "Power": 10,
    "UseTime": 0.6000000238418579,
    "Value": 10
  },
  {
    "CollisionsCheckType": 3,
    "Damage": 1.0,
    "DestoryType": 2,
    "InvisibleFrame": 0.30000001192092896,
    "ItemClass": 1,
    "LineCollsionN": 8,
    "Name": "WoodShovel",
    "Points": [
      [
        23.68000030517578,
        17.3700008392334
      ],
      [
        18.290000915527344,
        13.850000381469727
      ],
      [
        14.5,
        8.140000343322754
      ],
      [
        20.479999542236328,
        1.440000057220459
      ],
      [
        25.280000686645508,
        0.0
      ],
      [
        29.809999465942383,
        1.8700000047683716
      ],
      [
        32.0,
        6.820000171661377
      ],
      [
        30.979999542236328,
        10.930000305175781
      ]
    ],
    "Pos": [
      0.0,
      0.0,
      32.0,
      32.0
    ],
    "Power": 10,
    "UseTime": 0.6000000238418579,
    "Value": 10
  },
  {
    "CollisionsCheckType": 3,
    "Damage": 3.0,
    "DestoryType": 3,
    "InvisibleFrame": 0.30000001192092896,
    "ItemClass": 1,
    "LineCollsionN": 7,
    "Name": "WoodPickaxe",
    "Points": [
      [
        3.509999990463257,
        3.5
      ],
      [
        16.31999969482422,
        0.4000000059604645
      ],
      [
        25.920000076293945,
        5.690000057220459
      ],
      [
        31.780000686645508,
        17.059999465942383
      ],
      [
        28.420000076293945,
        28.479999542236328
      ],
      [
        24.049999237060547,
        13.220000267028809
      ],
      [
        17.700000762939453,
        7.360000133514404
      ]
    ],
    "Pos": [
      0.0,
      0.0,
      32.0,
      32.0
    ],
    "Power": 10,
    "UseTime": 0.6000000238418579,
    "Value": 10
  },
  {
    "CollisionsCheckType": 3,
    "Damage": 1.0,
    "DestoryType": 0,
    "InvisibleFrame": 0.30000001192092896,
    "ItemClass": 1,
    "LineCollsionN": 5,
    "Name": "WoodHoe",
    "Points": [
      [
        19.889999389648438,
        1.75
      ],
      [
        13.470000267028809,
        6.400000095367432
      ],
      [
        28.209999084472656,
        22.770000457763672
      ],
      [
        31.40999984741211,
        22.65999984741211
      ],
      [
        31.56999969482422,
        16.479999542236328
      ]
    ],
    "Pos": [
      0.0,
      0.0,
      32.0,
      32.0
    ],
    "Power": 10,
    "UseTime": 0.6000000238418579,
    "Value": 10
  },
  {
    "CollisionsCheckType": 3,
    "Damage": 20.0,
    "DestoryType": 0,
    "InvisibleFrame": 0.10000000149011612,
    "ItemClass": 1,
    "LineCollsionN": 5,
    "Name": "StoneSword",
    "Points": [
      [
        7.300000190734863,
        19.6200008392334
      ],
      [
        26.8799991607666,
        0.0
      ],
      [
        31.940000534057617,
        0.0
      ],
      [
        32.0,
        4.960000038146973
      ],
      [
        12.350000381469727,
        24.420000076293945
      ]
    ],
    "Pos": [
      0.0,
      0.0,
      32.0,
      32.0
    ],
    "Power": 0,
    "UseTime": 0.550000011920929,
    "Value": 100
  },
  {
    "CollisionsCheckType": 3,
    "Damage": 10.0,
    "DestoryType": 1,
    "InvisibleFrame": 0.30000001192092896,
    "ItemClass": 1,
    "LineCollsionN": 9,
    "Name": "StoneAxe",
    "Points": [
      [
        13.220000267028809,
        9.760000228881836
      ],
      [
        18.399999618530273,
        4.360000133514404
      ],
      [
        23.299999237060547,
        8.470000267028809
      ],
      [
        29.969999313354492,
        10.430000305175781
      ],
      [
        32.0,
        13.970000267028809
      ],
      [
        28.639999389648438,
        19.450000762939453
      ],
      [
        22.1299991607666,
        22.290000915527344
      ],
      [
        18.18000030517578,
        20.15999984741211
      ],
      [
        18.399999618530273,
        14.880000114440918
      ]
    ],
    "Pos": [
      0.0,
      0.0,
      32.0,
      32.0
    ],
    "Power": 20,
    "UseTime": 0.6000000238418579,
    "Value": 100
  },
  {
    "CollisionsCheckType": 3,
    "Damage": 2.0,
    "DestoryType": 2,
    "InvisibleFrame": 0.30000001192092896,
    "ItemClass": 1,
    "LineCollsionN": 8,
    "Name": "StoneShovel",
    "Points": [
      [
        23.68000030517578,
        17.3700008392334
      ],
      [
        18.290000915527344,
        13.850000381469727
      ],
      [
        14.600000381469727,
        8.140000343322754
      ],
      [
        20.479999542236328,
        1.440000057220459
      ],
      [
        25.280000686645508,
        0.0
      ],
      [
        29.809999465942383,
        1.8700000047683716
      ],
      [
        32.0,
        6.820000171661377
      ],
      [
        30.979999542236328,
        10.930000305175781
      ]
    ],
    "Pos": [
      0.0,
      0.0,
      32.0,
      32.0
    ],
    "Power": 20,
    "UseTime": 0.6000000238418579,
    "Value": 100
  },
  {
    "CollisionsCheckType": 3,
    "Damage": 6.0,
    "DestoryType": 3,
    "InvisibleFrame": 0.30000001192092896,
    "ItemClass": 1,
    "LineCollsionN": 7,
    "Name": "StonePickaxe",
    "Points": [
      [
        3.5,
        3.5
      ],
      [
        16.31999969482422,
        0.4000000059604645
      ],
      [
        25.920000076293945,
        5.690000057220459
      ],
      [
        31.780000686645508,
        17.059999465942383
      ],
      [
        28.420000076293945,
        28.479999542236328
      ],
      [
        24.049999237060547,
        13.220000267028809
      ],
      [
        17.700000762939453,
        7.360000133514404
      ]
    ],
    "Pos": [
      0.0,
      0.0,
      32.0,
      32.0
    ],
    "Power": 20,
    "UseTime": 0.6000000238418579,
    "Value": 100
  },
  {
    "CollisionsCheckType": 3,
    "Damage": 5.0,
    "DestoryType": 0,
    "InvisibleFrame": 0.30000001192092896,
    "ItemClass": 1,
    "LineCollsionN": 5,
    "Name": "StoneHoe",
    "Points": [
      [
        19.889999389648438,
        1.75
      ],
      [
        13.470000267028809,
        6.400000095367432
      ],
      [
        28.209999084472656,
        22.770000457763672
      ],
      [
        31.40999984741211,
        22.65999984741211
      ],
      [
        31.56999969482422,
        16.479999542236328
      ]
    ],
    "Pos": [
      0.0,
      0.0,
      32.0,
      32.0
    ],
    "Power": 20,
    "UseTime": 0.6000000238418579,
    "Value": 100
  },
  {
    "ItemClass": 4,
    "Name": "Sapling",
    "Pos": [
      0.0,
      0.0,
      32.0,
      32.0
    ],
    "StackSize": 0,
    "Value": 4,
    "spawnObjectID": 0
  },
  {
    "ItemClass": 4,
    "Name": "WoodWall",
    "Pos": [
      0.0,
      0.0,
      32.0,
      32.0
    ],
    "StackSize": 900,
    "Value": 20,
    "spawnObjectID": 3
  },
  {
    "ItemClass": 4,
    "Name": "StoneWall",
    "Pos": [
      0.0,
      0.0,
      32.0,
      32.0
    ],
    "StackSize": 900,
    "Value": 20,
    "spawnObjectID": 4
  },
  {
    "ItemClass": 4,
    "Name": "LightWoodWall",
    "Pos": [
      0.0,
      0.0,
      32.0,
      32.0
    ],
    "StackSize": 900,
    "Value": 20,
    "spawnObjectID": 5
  }
]
